factor,SR
Investment,-0.19527741716724434
Market,0.40377312407858434
Momentum,0.105571590427613
Profitability,0.1479833301726273
Size,0.04279754071090418
Value,0.09804284990323259
