,Avg Wt,Wt Vol,Time > 10%,Avg |Δw|
SPX,0.286465,0.173827,0.779730,0.016585
BOND,0.358535,0.114074,0.990541,0.008380
GOLD,0.147182,0.086643,0.670270,0.005108
OIL,0.013911,0.033467,0.037838,0.007881
USD,0.193908,0.127169,0.647297,0.010742
