,Avg Wt,Wt Vol,Time > 10%,Avg |Δw|
SPX,0.222409,0.073113,0.964768,0.000949
BOND,0.422053,0.149467,1.000000,0.001209
GOLD,0.158729,0.055498,0.842461,0.000347
OIL,0.079909,0.062748,0.328952,0.001440
USD,0.116901,0.093486,0.593282,0.000375
