Regime,Days,Frac,Ann Mean,Ann Vol,Sharpe,Hit Rate,Max DD (within)
0.000000,446,0.602703,0.055199,0.064335,0.858002,0.556054,-0.066633
1.000000,31,0.041892,0.252064,0.067981,3.707852,0.580645,-0.012404
2.000000,149,0.201351,0.186820,0.058745,3.180209,0.563758,-0.029843
3.000000,110,0.148649,-0.054374,0.060055,-0.905418,0.527273,-0.052378
4.000000,4,0.005405,-0.066863,0.042217,-1.583802,0.500000,-0.000730
