Regime,SPX,BOND,GOLD,OIL,USD
0.000000,0.429008,0.375596,0.565851,0.021559,0.155337
1.000000,0.424861,0.805841,-0.499464,0.032643,1.416081
2.000000,0.056263,0.544069,0.883245,1.847651,-0.033199
4.000000,1.190548,-0.104215,1.155923,1.165366,-0.061515
5.000000,-0.484655,1.669895,0.341165,-2.170000,0.258428
7.000000,0.680058,0.859233,1.597697,1.637397,-1.548850
