,Avg Wt,Wt Vol,Time > 10%,Avg |Δw|
SPX,0.172068,0.060207,0.896495,0.000863
BOND,0.671436,0.069228,1.000000,0.000606
GOLD,0.120701,0.051149,0.725265,0.000936
OIL,0.024905,0.032901,0.070829,0.002141
USD,0.010889,0.024939,0.021723,0.000674
