regime_macro,proportion
1,0.7345746622855056
2,0.26542533771449434
