regime_macro,proportion
0,0.6907630522088354
4,0.3092369477911647
