regime_macro,proportion
0,0.7562979189485214
1,0.0012778386272362175
4,0.24242424242424243
