,Mean,Median,95% Quantile,Days > 1%,Days > 5%
PureMarket_WHMM,0.004347464151484219,2.739217499322466e-06,0.004296576855064204,0.029025191675794086,0.01715954728002921
Hierarchical_B,0.0036794212367228505,2.4514183870933606e-06,0.00905152422648626,0.04782767433369843,0.01533406352683461
Hierarchical_C,0.0013555389351156025,2.4299688390199088e-05,0.003159728566303296,0.014421321650237313,0.006206644760861628
EqualWeight,0.0,0.0,0.0,0.0,0.0
SixtyForty,0.0,0.0,0.0,0.0,0.0
