,Average Weight,Weight Volatility,Time > 10%,Avg |dW|
SPX,0.2516595549681332,0.2033580686633455,0.7115735669952538,0.0027433941877440327
BOND,0.3915675356832133,0.17210218456723114,0.9361080686381891,0.0014175191871727646
GOLD,0.1925878380448964,0.12237889632426198,0.7491785323110625,0.0022601539188514784
OIL,0.04457209386096413,0.045983671850425234,0.1588170865279299,0.0008810273833389911
USD,0.11961297744279288,0.1271825053241239,0.4669587440671778,0.0013943738554664598
