,Average Weight,Weight Volatility,Time > 10%,Avg |dW|
SPX,0.25166227802636126,0.2033547942015079,0.7115735669952538,0.0027433748283102713
BOND,0.39156330722959104,0.17210317889698504,0.9361080686381891,0.001417524146240153
GOLD,0.19259431508693226,0.12238394345210821,0.7491785323110625,0.002260186834708565
OIL,0.044563474627497324,0.04599184488223552,0.1588170865279299,0.0008810549791697899
USD,0.11961662502961798,0.127184278355366,0.4669587440671778,0.0013943750493767989
