,Average Weight,Weight Volatility,Time > 10%,Avg |dW|
SPX,0.15339326230198727,0.06873832586979542,0.7864184008762322,0.0008224051978021009
BOND,0.4427341257956487,0.0581714872507262,1.0,0.0005103402654952614
GOLD,0.10337022343120669,0.04707489741168788,0.33607155896312524,0.0005354957361783677
OIL,0.03240057434622392,0.02311448948889858,0.0,0.0003325935971470605
USD,0.2681018141249332,0.08628308046855794,1.0,0.0005107380668291972
