,Average N_eff,Median N_eff
PureMarket_WHMM,2.759943035592847,2.6562875398942905
Hierarchical_WHMM,2.4954104096406335,2.3421934473987194
EqualWeight,4.999999999974999,4.999999999974999
SixtyForty,1.923076923073225,1.923076923073225
