from,0,1,4
0,0.996861419604056,0.0007242877836793819,0.0024142926122646064
1,0.42857142857142855,0.5714285714285714,0.0
4,0.007530120481927711,0.0,0.9924698795180723
