regime,n_spells,mean_length,median_length,max_length
0,14,295.92857142857144,138.5,1448
1,3,2.3333333333333335,1.0,5
4,10,132.8,18.5,642
