variable,Market,Yield curve,Oil,Copper,Monetary policy,Volatility,Stock-bond
Market,1,0.014075002872750143,0.19653011878982818,0.4319385158091825,0.09071051961228907,-0.3888022610223608,0.0026444080488936795
Yield curve,0.014075002872750143,1,0.03384236927278456,0.05615371677950959,-0.7585598790587639,0.12006729719788131,0.36281416777494224
Oil,0.19653011878982818,0.03384236927278456,0.9999999999999998,0.6233016936622373,0.27595864202957304,-0.25374232091865706,-0.03505455633267957
Copper,0.4319385158091825,0.05615371677950959,0.6233016936622373,1,0.168680852213273,-0.42955994843836404,-0.24329086428536117
Monetary policy,0.09071051961228907,-0.7585598790587639,0.27595864202957304,0.168680852213273,1,-0.28336055166371066,-0.6120903672430762
Volatility,-0.3888022610223608,0.12006729719788131,-0.25374232091865706,-0.42955994843836404,-0.28336055166371066,1,0.2547655414900526
Stock-bond,0.0026444080488936795,0.36281416777494224,-0.03505455633267957,-0.24329086428536117,-0.6120903672430762,0.2547655414900526,1
