quintile,SR,corr
Q1,0.905462672613267,0.7189975232535274
Q2,0.640241491042687,0.6757118420740585
Q3,0.8216212911085014,0.6078813706508318
Q4,0.474035193098946,0.5255812616379067
Q5,0.23093189694520053,0.28732011635773586
