factor,SR
Investment,0.033844391456490194
Market,0.3383974066408694
Momentum,0.2476845190183637
Profitability,-0.31111940451092635
Size,0.1775674305855269
Value,0.02147625870531151
