factor,SR
Investment,-0.01228355927993548
Market,0.2604695288285601
Momentum,0.26928712498225993
Profitability,0.37684355148567233
Size,0.049988366167038695
Value,0.09779121531495996
