quintile,SR,corr
Q1,0.6789669302425039,0.5887192314651408
Q2,0.5814805496770294,0.6735751654740901
Q3,0.5118212419953742,0.6141590592903253
Q4,0.42901853437462006,0.5331093034870298
Q5,0.3280912123259847,0.4311735265285475
