lookback_years,SR
1,0.34285055362063155
3,0.41103232877483137
5,0.2235424376461165
