variable,Market,Yield curve,Oil,Copper,Monetary policy,Volatility,Stock-bond
Market,1,-0.0541518803021542,-0.044315041544445426,0.19889494087723789,-0.015817286372643558,-0.2884672859387341,-0.11896342836997571
Yield curve,-0.0541518803021542,1,0.037110728754321934,-0.17715627498787212,-0.7369042837776879,0.023145605502109458,0.12126486309340095
Oil,-0.044315041544445426,0.037110728754321934,1,0.4627448588027578,0.2787299695263489,-0.059101181798852515,-0.019135690974459465
Copper,0.19889494087723789,-0.17715627498787212,0.4627448588027578,0.9999999999999998,0.30858961135772417,-0.17110473014263017,0.013795669150410453
Monetary policy,-0.015817286372643558,-0.7369042837776879,0.2787299695263489,0.30858961135772417,1,-0.07058114593451735,-0.30711781005470057
Volatility,-0.2884672859387341,0.023145605502109458,-0.059101181798852515,-0.17110473014263017,-0.07058114593451735,0.9999999999999999,0.2305362107088472
Stock-bond,-0.11896342836997571,0.12126486309340095,-0.019135690974459465,0.013795669150410453,-0.30711781005470057,0.2305362107088472,1
