years,pct_positive,mean_when_pos,mean_when_neg
2002-2025,0.5416666666666666,0.20492782705025384,-0.11748571008502687
