years,pct_positive,mean_when_pos,mean_when_neg
1977-2025,0.673469387755102,0.1451160152294548,-0.07853281295022604
