years,pct_positive,mean_when_pos,mean_when_neg
1977-2024,0.6875,0.1451160152294548,-0.0768086891179549
