variable,1-month,3-month,12-month,3-year,10-year,monthly_mean,std,frequency
Market,0.923811504748583,0.7823632272831236,0.06984710806079572,0.04639171525453512,0.0017186958631970276,0.5621720542981605,1.1329549693930525,monthly
Yield curve,0.912838057811301,0.736808179731378,-0.10178121047689807,-0.21018089553990554,0.015144788264478844,-0.062366083432110385,1.0749361488893312,monthly
Oil,0.9330060834303452,0.7216082448706906,-0.08972185964905612,0.08040137246034774,0.017589722248576516,0.18768901414325956,1.1077085920028018,monthly
Copper,0.949903507886049,0.7780594975035805,-0.06317242789938456,-0.015308052537230164,-0.06125108033333988,0.17373405329669445,1.012256401665897,monthly
Monetary policy,0.9448569871488831,0.8178112236058316,0.15958699329943293,-0.33031904917158894,0.059461304247804506,0.031114394431556093,1.1276784654329308,monthly
Volatility,0.5218829779003346,0.30926910310649963,-0.30170708178463024,-0.09580388163195735,0.04122028981505378,0.03273595301052297,0.9846071636691589,monthly
Stock-bond,0.9435006613864034,0.8004280137125014,0.04441740739678608,-0.3031064762378661,0.08138424950475454,0.04028148713148931,1.1267404937306293,monthly
