variable,Market,Yield curve,Oil,Copper,Monetary policy,Volatility,Stock-bond
Market,1,-0.08791395293929449,0.16233118303471283,0.2805461110506423,0.18340418254230656,-0.2705724047649027,0.046578802933243915
Yield curve,-0.08791395293929449,1,0.14197442862163082,0.05438924523248951,-0.6218982571787905,0.11796955486844998,0.1928349397707583
Oil,0.16233118303471283,0.14197442862163082,1,0.5636767848906529,0.17481927445691903,-0.21419004339304684,0.1127546477496552
Copper,0.2805461110506423,0.05438924523248951,0.5636767848906529,1,0.20772644984041716,-0.39811724244047064,0.17841713211450644
Monetary policy,0.18340418254230656,-0.6218982571787905,0.17481927445691903,0.20772644984041716,0.9999999999999999,-0.22513388006365365,0.10887398653348965
Volatility,-0.2705724047649027,0.11796955486844998,-0.21419004339304684,-0.39811724244047064,-0.22513388006365365,1,-0.29040634930138554
Stock-bond,0.046578802933243915,0.1928349397707583,0.1127546477496552,0.17841713211450644,0.10887398653348965,-0.29040634930138554,1
