factor,SR
Investment,-0.03450971497418049
Market,0.23869463630471377
Momentum,0.276971198400249
Profitability,-0.03233453726624521
Size,0.19194742501973108
Value,0.033263163896615516
