factor,SR
Investment,-0.16829172638505935
Market,0.3244083940590061
Momentum,0.20810089195446677
Profitability,-0.0833691685725625
Size,0.25152916570376804
Value,-0.01901992229205288
