variable,Market,Yield curve,Oil,Copper,Monetary policy,Volatility,Stock-bond
Market,0.9999999999999998,-0.044029924525337445,-0.04878741694587825,0.20071853938918258,-0.02117194532785716,-0.2847682937138562,-0.11596907920213165
Yield curve,-0.044029924525337445,1,0.027920864860982966,-0.17211018597654895,-0.7380324416961562,0.028072556250687303,0.12138243805479704
Oil,-0.04878741694587825,0.027920864860982966,1,0.45798001074295575,0.28289169210126686,-0.06185395068825094,-0.021375459295126454
Copper,0.20071853938918258,-0.17211018597654895,0.45798001074295575,1,0.3047952687797741,-0.1700098513211258,0.01660147923277655
Monetary policy,-0.02117194532785716,-0.7380324416961562,0.28289169210126686,0.3047952687797741,1,-0.07395349675933871,-0.3067722344268918
Volatility,-0.2847682937138562,0.028072556250687303,-0.06185395068825094,-0.1700098513211258,-0.07395349675933871,1,0.2263984532381928
Stock-bond,-0.11596907920213165,0.12138243805479704,-0.021375459295126454,0.01660147923277655,-0.3067722344268918,0.2263984532381928,1
