variable,1-month,3-month,12-month,3-year,10-year,monthly_mean,std,frequency
Market,0.9251250930965037,0.7890563615275119,0.13050533525740593,-0.03781618055534063,-0.06995502103041568,0.58179777449526,1.2070602664823877,monthly
Yield curve,0.9413175875365686,0.8112228129834426,-0.05491787654481338,-0.237467763613929,-0.12168750488232684,-0.0581338815908802,1.049230297479373,monthly
Oil,0.9324437970457675,0.7107798635437534,-0.19309670086787603,0.07787774919836679,-0.0027561911754698447,0.10476945409606227,1.1139308862575568,monthly
Copper,0.9305606976709297,0.7671588852472612,-0.020489632636529937,0.012550850332579858,0.047056290132099755,0.2132780205438392,1.0244523406939088,monthly
Monetary policy,0.9802254252890332,0.9042200784036952,0.21525406688334509,-0.42997529726301864,-0.05541582266336173,-0.016095862403172345,1.1636167631263283,monthly
Volatility,0.6932924258253418,0.3964588664833147,-0.2603199544754749,-0.1298366999151373,0.05514390528854293,0.004681287058126585,1.0722206326294643,monthly
Stock-bond,0.979493165678987,0.9028453824427516,0.34478468252045913,-0.1913179252993375,0.09183540046157923,0.13515210836609298,1.1472366914363834,monthly
