lookback_years,SR
1,0.21740533630461195
3,0.1989197529141778
5,0.20031838650290834
10,0.3521668741349561
