factor,SR
Investment,-0.012351528710822884
Market,0.2630092994043496
Momentum,0.2953471092101379
Profitability,0.3797866979706402
Size,0.055485560220954674
Value,0.09873113371053543
