quintile,SR,corr
Q1,0.8897928072417582,0.7213966987758755
Q2,0.6269107482897083,0.6781018820288275
Q3,0.803848933618972,0.6074332672389595
Q4,0.4764447643592976,0.5278039731768855
Q5,0.2364431409890961,0.2917450201331657
