lookback_years,SR
1,0.2449512237768592
3,0.10610324259115786
5,0.27460598112288176
10,-0.12397029321549922
