years,pct_positive,mean_when_pos,mean_when_neg
1997-2025,0.6206896551724138,0.17906434477619684,-0.14599082476702083
