variable,1-month,3-month,12-month,3-year,10-year,monthly_mean,std,frequency
Market,0.9255701928396718,0.7986568171608169,0.1893178130493607,0.08695403815515802,-0.07158647733146833,0.7793117466445653,1.2435326010493373,monthly
Yield curve,0.9349464475219427,0.7940757930698655,-0.12294612040177906,-0.14758950596564757,-0.08598349245302309,-0.11885434685446351,1.1084832061576864,monthly
Oil,0.9107264075889137,0.6993580251531358,-0.19063163841777483,0.0888205053173325,-0.05147861370763628,0.10207380873598103,1.1413983440156514,monthly
Copper,0.9287028694263019,0.7743875849342965,-0.0387324851073249,0.044047754306109285,-0.06609248588636805,0.20661426826846505,1.1357389231005766,monthly
Monetary policy,0.9694739262561831,0.9000570587120359,0.27856318990411144,-0.28185931974348993,-0.032329779580781134,0.17057571432856128,1.3471626000286865,monthly
Volatility,0.6870191374175598,0.38870328046840613,-0.21556356963373102,-0.14115810227384065,0.06823565595239564,0.04689057858714681,1.0398866935203825,monthly
Stock-bond,0.8324886679057535,0.3735764772623555,-0.38081208761323165,0.0540023640336391,0.20354628555215235,-0.016855998710779196,1.0160092877206843,monthly
