lookback_years,SR
1,0.3417902654821083
3,0.4173507642211374
5,0.22402108569392803
