"Strategy","Ann_Return","Ann_Vol","Sharpe","Sortino","Max_DD","Hit_Rate","Calmar","Avg_Turnover","N_Days"
"Wasserstein HMM",0.0317294234872463,0.0626765584617472,0.506240678588174,0.420074003735084,-0.186499923230793,0.379989468141127,0.170131027067401,0.00149195705528147,9495
"60/40 Stock/Bond",0.0420437912750714,0.0922441944564054,0.45578793898993,0.367462594573231,-0.374570276094144,0.392838335966298,0.112245402153865,0.00204178330515961,9495
"SPX Buy & Hold",0.0408412362049915,0.160915766848628,0.253805062144162,0.198168710458117,-0.838760152501028,0.369878883622959,0.0486923896935381,0,9495
