factor,mR2
F1,0.10614291702854785
F2,0.07319778704933082
F3,0.06671161375150024
F4,0.04868953522718511
F5,0.047531603910523385
F6,0.03384500333287168
F7,0.026353984656557732
