"avg_neff","median_neff"
4.48779566076315,4.8745463561135
