"avg_turnover","median_turnover","q95_turnover","frac_above_1pct","frac_above_5pct"
0.0106019044755397,8.32667268468867e-17,0.0188870767614784,0.0526315789473684,0.0402476780185759
